TenantID,FirstName,Surname,Email,Phone,MoveDate,MoveTime,PropertyID
1,Paul,Thode,Paul.Thode@mail.com,0717628155,2021-09-10,09:00:00,1
2,Barbara,Noriega,Barbara.Noriega@mail.com,0776735677,2021-09-10,09:00:00,2
3,Sherilyn,Petite,Sherilyn.Petite@mail.com,0786859450,2021-09-10,09:00:00,3
4,Velia,Wyche,Velia.Wyche@mail.com,0726274417,2021-09-10,10:00:00,4
5,Cecelia,Willcutt,Cecelia.Willcutt@mail.com,0745721536,2021-09-10,10:00:00,5
6,Asuncion,Nelms,Asuncion.Nelms@mail.com,0765323534,2021-09-10,10:30:00,6
7,Lon,Mcgrane,Lon.Mcgrane@mail.com,0723455759,2021-09-10,11:00:00,7
8,Melodie,Wimbley,Melodie.Wimbley@mail.com,0720659121,2021-09-10,12:00:00,8
9,Grisel,Millay,Grisel.Millay@mail.com,0795835640,2021-09-10,12:00:00,9
10,Buster,Beatrice,Buster.Beatrice@mail.com,0729753119,2021-09-10,12:30:00,10
11,Columbus,Blea,Columbus.Blea@mail.com,0777829350,2021-09-11,09:00:00,11
12,Desirae,Berquist,Desirae.Berquist@mail.com,0757499437,2021-09-11,09:00:00,12
13,Yadira,Organ,Yadira.Organ@mail.com,0787646831,2021-09-11,09:00:00,13
14,Lahoma,Singleton,Lahoma.Singleton@mail.com,0740087047,2021-09-11,09:00:00,14
15,Madeleine,Stimac,Madeleine.Stimac@mail.com,0757059186,2021-09-11,10:00:00,15
16,Franchesca,Oslund,Franchesca.Oslund@mail.com,0746510727,2021-09-11,11:00:00,16
17,Erlene,Lash,Erlene.Lash@mail.com,0757170719,2021-09-11,12:00:00,17
18,Tom,Woodfork,Tom.Woodfork@mail.com,0756890672,2021-09-11,13:00:00,18
19,Malik,Morman,Malik.Morman@mail.com,0797814859,2021-09-11,14:00:00,19
20,Karmen,Sobol,Karmen.Sobol@mail.com,0750663370,2021-09-11,15:00:00,20
21,Malissa,Dishon,Malissa.Dishon@mail.com,0719205903,2021-09-10,09:00:00,1
22,Erlinda,Tomas,Erlinda.Tomas@mail.com,0735372963,2021-09-12,09:00:00,2
23,Maryjo,Lisk,Maryjo.Lisk@mail.com,0776770511,2021-09-12,09:30:00,3
24,Zora,Vire,Zora.Vire@mail.com,0761278006,2021-09-12,10:00:00,4
25,Raymon,Kumm,Raymon.Kumm@mail.com,0756450556,2021-09-12,10:30:00,5
26,Malcolm,Onken,Malcolm.Onken@mail.com,0788524679,2021-09-12,10:30:00,6
27,Dave,Mao,Dave.Mao@mail.com,0713334325,2021-09-12,11:00:00,7
28,Samuel,Boulanger,Samuel.Boulanger@mail.com,0780439704,2021-09-30,12:00:00,8
29,Shirly,Janes,Shirly.Janes@mail.com,0725317091,2021-09-30,09:00:00,9
30,John,Doe,John.Doe@mail.com,0751600208,2021-10-31,09:00:00,10
